id,ras_name
0,Sonoma_crop_1.tif
1,Sonoma_crop_10.tif
2,Sonoma_crop_100.tif
3,Sonoma_crop_1000.tif
4,Sonoma_crop_1001.tif
5,Sonoma_crop_1002.tif
6,Sonoma_crop_1003.tif
7,Sonoma_crop_1004.tif
8,Sonoma_crop_1005.tif
9,Sonoma_crop_1006.tif
10,Sonoma_crop_1007.tif
11,Sonoma_crop_1008.tif
12,Sonoma_crop_1009.tif
13,Sonoma_crop_101.tif
14,Sonoma_crop_1010.tif
15,Sonoma_crop_1011.tif
16,Sonoma_crop_1012.tif
17,Sonoma_crop_1013.tif
18,Sonoma_crop_1014.tif
19,Sonoma_crop_1015.tif
20,Sonoma_crop_1016.tif
21,Sonoma_crop_1017.tif
22,Sonoma_crop_1018.tif
23,Sonoma_crop_1019.tif
24,Sonoma_crop_102.tif
25,Sonoma_crop_1020.tif
26,Sonoma_crop_1021.tif
27,Sonoma_crop_1022.tif
28,Sonoma_crop_1023.tif
29,Sonoma_crop_1024.tif
30,Sonoma_crop_1025.tif
31,Sonoma_crop_1026.tif
32,Sonoma_crop_1027.tif
33,Sonoma_crop_1028.tif
34,Sonoma_crop_1029.tif
35,Sonoma_crop_103.tif
36,Sonoma_crop_1030.tif
37,Sonoma_crop_1031.tif
38,Sonoma_crop_1032.tif
39,Sonoma_crop_1033.tif
40,Sonoma_crop_1034.tif
41,Sonoma_crop_1035.tif
42,Sonoma_crop_1036.tif
43,Sonoma_crop_1037.tif
44,Sonoma_crop_1038.tif
45,Sonoma_crop_1039.tif
46,Sonoma_crop_104.tif
47,Sonoma_crop_1040.tif
48,Sonoma_crop_1041.tif
49,Sonoma_crop_1042.tif
50,Sonoma_crop_1043.tif
51,Sonoma_crop_1044.tif
52,Sonoma_crop_1045.tif
53,Sonoma_crop_1046.tif
54,Sonoma_crop_1047.tif
55,Sonoma_crop_1048.tif
56,Sonoma_crop_1049.tif
57,Sonoma_crop_105.tif
58,Sonoma_crop_1050.tif
59,Sonoma_crop_1051.tif
60,Sonoma_crop_1052.tif
61,Sonoma_crop_1053.tif
62,Sonoma_crop_1054.tif
63,Sonoma_crop_1055.tif
64,Sonoma_crop_1056.tif
65,Sonoma_crop_1057.tif
66,Sonoma_crop_1058.tif
67,Sonoma_crop_1059.tif
68,Sonoma_crop_106.tif
69,Sonoma_crop_1060.tif
70,Sonoma_crop_1061.tif
71,Sonoma_crop_1062.tif
72,Sonoma_crop_1063.tif
73,Sonoma_crop_1064.tif
74,Sonoma_crop_1065.tif
75,Sonoma_crop_1066.tif
76,Sonoma_crop_1067.tif
77,Sonoma_crop_1068.tif
78,Sonoma_crop_1069.tif
79,Sonoma_crop_107.tif
80,Sonoma_crop_1070.tif
81,Sonoma_crop_1071.tif
82,Sonoma_crop_1072.tif
83,Sonoma_crop_1073.tif
84,Sonoma_crop_1074.tif
85,Sonoma_crop_1075.tif
86,Sonoma_crop_1076.tif
87,Sonoma_crop_1077.tif
88,Sonoma_crop_1078.tif
89,Sonoma_crop_1079.tif
90,Sonoma_crop_108.tif
91,Sonoma_crop_1080.tif
92,Sonoma_crop_1081.tif
93,Sonoma_crop_1082.tif
94,Sonoma_crop_1083.tif
95,Sonoma_crop_1084.tif
96,Sonoma_crop_1085.tif
97,Sonoma_crop_1086.tif
98,Sonoma_crop_1087.tif
99,Sonoma_crop_1088.tif
100,Sonoma_crop_1089.tif
101,Sonoma_crop_109.tif
102,Sonoma_crop_1090.tif
103,Sonoma_crop_1091.tif
104,Sonoma_crop_1092.tif
105,Sonoma_crop_1093.tif
106,Sonoma_crop_1094.tif
107,Sonoma_crop_1095.tif
108,Sonoma_crop_1096.tif
109,Sonoma_crop_1097.tif
110,Sonoma_crop_1098.tif
111,Sonoma_crop_1099.tif
112,Sonoma_crop_11.tif
113,Sonoma_crop_110.tif
114,Sonoma_crop_1100.tif
115,Sonoma_crop_1101.tif
116,Sonoma_crop_1102.tif
117,Sonoma_crop_1103.tif
118,Sonoma_crop_1104.tif
119,Sonoma_crop_1105.tif
120,Sonoma_crop_1106.tif
121,Sonoma_crop_1107.tif
122,Sonoma_crop_1108.tif
123,Sonoma_crop_1109.tif
124,Sonoma_crop_111.tif
125,Sonoma_crop_1110.tif
126,Sonoma_crop_1111.tif
127,Sonoma_crop_1112.tif
128,Sonoma_crop_1113.tif
129,Sonoma_crop_1114.tif
130,Sonoma_crop_1115.tif
131,Sonoma_crop_1116.tif
132,Sonoma_crop_1117.tif
133,Sonoma_crop_1118.tif
134,Sonoma_crop_1119.tif
135,Sonoma_crop_112.tif
136,Sonoma_crop_1120.tif
137,Sonoma_crop_1121.tif
138,Sonoma_crop_1122.tif
139,Sonoma_crop_1123.tif
140,Sonoma_crop_1124.tif
141,Sonoma_crop_1125.tif
142,Sonoma_crop_1126.tif
143,Sonoma_crop_1127.tif
144,Sonoma_crop_1128.tif
145,Sonoma_crop_1129.tif
146,Sonoma_crop_113.tif
147,Sonoma_crop_1130.tif
148,Sonoma_crop_1131.tif
149,Sonoma_crop_1132.tif
150,Sonoma_crop_1133.tif
151,Sonoma_crop_1134.tif
152,Sonoma_crop_1135.tif
153,Sonoma_crop_1136.tif
154,Sonoma_crop_1137.tif
155,Sonoma_crop_1138.tif
156,Sonoma_crop_1139.tif
157,Sonoma_crop_114.tif
158,Sonoma_crop_1140.tif
159,Sonoma_crop_1141.tif
160,Sonoma_crop_1142.tif
161,Sonoma_crop_1143.tif
162,Sonoma_crop_1144.tif
163,Sonoma_crop_1145.tif
164,Sonoma_crop_1146.tif
165,Sonoma_crop_1147.tif
166,Sonoma_crop_1148.tif
167,Sonoma_crop_1149.tif
168,Sonoma_crop_115.tif
169,Sonoma_crop_1150.tif
170,Sonoma_crop_1151.tif
171,Sonoma_crop_1152.tif
172,Sonoma_crop_1153.tif
173,Sonoma_crop_1154.tif
174,Sonoma_crop_1155.tif
175,Sonoma_crop_1156.tif
176,Sonoma_crop_1157.tif
177,Sonoma_crop_1158.tif
178,Sonoma_crop_1159.tif
179,Sonoma_crop_116.tif
180,Sonoma_crop_1160.tif
181,Sonoma_crop_1161.tif
182,Sonoma_crop_1162.tif
183,Sonoma_crop_1163.tif
184,Sonoma_crop_1164.tif
185,Sonoma_crop_1165.tif
186,Sonoma_crop_1166.tif
187,Sonoma_crop_1167.tif
188,Sonoma_crop_1168.tif
189,Sonoma_crop_1169.tif
190,Sonoma_crop_117.tif
191,Sonoma_crop_1170.tif
192,Sonoma_crop_1171.tif
193,Sonoma_crop_1172.tif
194,Sonoma_crop_1173.tif
195,Sonoma_crop_1174.tif
196,Sonoma_crop_1175.tif
197,Sonoma_crop_1176.tif
198,Sonoma_crop_1177.tif
199,Sonoma_crop_1178.tif
200,Sonoma_crop_1179.tif
201,Sonoma_crop_118.tif
202,Sonoma_crop_1180.tif
203,Sonoma_crop_1181.tif
204,Sonoma_crop_1182.tif
205,Sonoma_crop_1183.tif
206,Sonoma_crop_1184.tif
207,Sonoma_crop_1185.tif
208,Sonoma_crop_1186.tif
209,Sonoma_crop_1187.tif
210,Sonoma_crop_1188.tif
211,Sonoma_crop_1189.tif
212,Sonoma_crop_119.tif
213,Sonoma_crop_1190.tif
214,Sonoma_crop_1191.tif
215,Sonoma_crop_1192.tif
216,Sonoma_crop_1193.tif
217,Sonoma_crop_1194.tif
218,Sonoma_crop_1195.tif
219,Sonoma_crop_1196.tif
220,Sonoma_crop_1197.tif
221,Sonoma_crop_1198.tif
222,Sonoma_crop_1199.tif
223,Sonoma_crop_12.tif
224,Sonoma_crop_120.tif
225,Sonoma_crop_1200.tif
226,Sonoma_crop_1201.tif
227,Sonoma_crop_1202.tif
228,Sonoma_crop_1203.tif
229,Sonoma_crop_1204.tif
230,Sonoma_crop_1205.tif
231,Sonoma_crop_1206.tif
232,Sonoma_crop_1207.tif
233,Sonoma_crop_1208.tif
234,Sonoma_crop_1209.tif
235,Sonoma_crop_121.tif
236,Sonoma_crop_1210.tif
237,Sonoma_crop_1211.tif
238,Sonoma_crop_1212.tif
239,Sonoma_crop_1213.tif
240,Sonoma_crop_1214.tif
241,Sonoma_crop_1215.tif
242,Sonoma_crop_1216.tif
243,Sonoma_crop_1217.tif
244,Sonoma_crop_1218.tif
245,Sonoma_crop_1219.tif
246,Sonoma_crop_122.tif
247,Sonoma_crop_1220.tif
248,Sonoma_crop_1221.tif
249,Sonoma_crop_1222.tif
250,Sonoma_crop_1223.tif
251,Sonoma_crop_1224.tif
252,Sonoma_crop_1225.tif
253,Sonoma_crop_1226.tif
254,Sonoma_crop_1227.tif
255,Sonoma_crop_1228.tif
256,Sonoma_crop_1229.tif
257,Sonoma_crop_123.tif
258,Sonoma_crop_1230.tif
259,Sonoma_crop_1231.tif
260,Sonoma_crop_1232.tif
261,Sonoma_crop_1233.tif
262,Sonoma_crop_1234.tif
263,Sonoma_crop_1235.tif
264,Sonoma_crop_1236.tif
265,Sonoma_crop_1237.tif
266,Sonoma_crop_1238.tif
267,Sonoma_crop_1239.tif
268,Sonoma_crop_124.tif
269,Sonoma_crop_1240.tif
270,Sonoma_crop_1241.tif
271,Sonoma_crop_1242.tif
272,Sonoma_crop_1243.tif
273,Sonoma_crop_1244.tif
274,Sonoma_crop_1245.tif
275,Sonoma_crop_1246.tif
276,Sonoma_crop_1247.tif
277,Sonoma_crop_1248.tif
278,Sonoma_crop_1249.tif
279,Sonoma_crop_125.tif
280,Sonoma_crop_1250.tif
281,Sonoma_crop_1251.tif
282,Sonoma_crop_1252.tif
283,Sonoma_crop_1253.tif
284,Sonoma_crop_1254.tif
285,Sonoma_crop_1255.tif
286,Sonoma_crop_1256.tif
287,Sonoma_crop_1257.tif
288,Sonoma_crop_1258.tif
289,Sonoma_crop_1259.tif
290,Sonoma_crop_126.tif
291,Sonoma_crop_1260.tif
292,Sonoma_crop_1261.tif
293,Sonoma_crop_1262.tif
294,Sonoma_crop_1263.tif
295,Sonoma_crop_1264.tif
296,Sonoma_crop_1265.tif
297,Sonoma_crop_1266.tif
298,Sonoma_crop_1267.tif
299,Sonoma_crop_1268.tif
300,Sonoma_crop_1269.tif
301,Sonoma_crop_127.tif
302,Sonoma_crop_1270.tif
303,Sonoma_crop_1271.tif
304,Sonoma_crop_1272.tif
305,Sonoma_crop_1273.tif
306,Sonoma_crop_1274.tif
307,Sonoma_crop_1275.tif
308,Sonoma_crop_1276.tif
309,Sonoma_crop_1277.tif
310,Sonoma_crop_1278.tif
311,Sonoma_crop_1279.tif
312,Sonoma_crop_128.tif
313,Sonoma_crop_1280.tif
314,Sonoma_crop_1281.tif
315,Sonoma_crop_1282.tif
316,Sonoma_crop_1283.tif
317,Sonoma_crop_1284.tif
318,Sonoma_crop_1285.tif
319,Sonoma_crop_1286.tif
320,Sonoma_crop_1287.tif
321,Sonoma_crop_1288.tif
322,Sonoma_crop_1289.tif
323,Sonoma_crop_129.tif
324,Sonoma_crop_1290.tif
325,Sonoma_crop_1291.tif
326,Sonoma_crop_1292.tif
327,Sonoma_crop_1293.tif
328,Sonoma_crop_1294.tif
329,Sonoma_crop_1295.tif
330,Sonoma_crop_1296.tif
331,Sonoma_crop_1297.tif
332,Sonoma_crop_1298.tif
333,Sonoma_crop_1299.tif
334,Sonoma_crop_13.tif
335,Sonoma_crop_130.tif
336,Sonoma_crop_1300.tif
337,Sonoma_crop_1301.tif
338,Sonoma_crop_1302.tif
339,Sonoma_crop_1303.tif
340,Sonoma_crop_1304.tif
341,Sonoma_crop_1305.tif
342,Sonoma_crop_1306.tif
343,Sonoma_crop_1307.tif
344,Sonoma_crop_1308.tif
345,Sonoma_crop_1309.tif
346,Sonoma_crop_131.tif
347,Sonoma_crop_1310.tif
348,Sonoma_crop_1311.tif
349,Sonoma_crop_1312.tif
350,Sonoma_crop_1313.tif
351,Sonoma_crop_1314.tif
352,Sonoma_crop_1315.tif
353,Sonoma_crop_1316.tif
354,Sonoma_crop_1317.tif
355,Sonoma_crop_1318.tif
356,Sonoma_crop_1319.tif
357,Sonoma_crop_132.tif
358,Sonoma_crop_1320.tif
359,Sonoma_crop_1321.tif
360,Sonoma_crop_1322.tif
361,Sonoma_crop_1323.tif
362,Sonoma_crop_1324.tif
363,Sonoma_crop_1325.tif
364,Sonoma_crop_1326.tif
365,Sonoma_crop_1327.tif
366,Sonoma_crop_1328.tif
367,Sonoma_crop_1329.tif
368,Sonoma_crop_133.tif
369,Sonoma_crop_1330.tif
370,Sonoma_crop_1331.tif
371,Sonoma_crop_1332.tif
372,Sonoma_crop_1333.tif
373,Sonoma_crop_1334.tif
374,Sonoma_crop_1335.tif
375,Sonoma_crop_1336.tif
376,Sonoma_crop_1337.tif
377,Sonoma_crop_1338.tif
378,Sonoma_crop_1339.tif
379,Sonoma_crop_134.tif
380,Sonoma_crop_1340.tif
381,Sonoma_crop_1341.tif
382,Sonoma_crop_1342.tif
383,Sonoma_crop_1343.tif
384,Sonoma_crop_1344.tif
385,Sonoma_crop_1345.tif
386,Sonoma_crop_1346.tif
387,Sonoma_crop_1347.tif
388,Sonoma_crop_1348.tif
389,Sonoma_crop_1349.tif
390,Sonoma_crop_135.tif
391,Sonoma_crop_1350.tif
392,Sonoma_crop_1351.tif
393,Sonoma_crop_1352.tif
394,Sonoma_crop_1353.tif
395,Sonoma_crop_1354.tif
396,Sonoma_crop_1355.tif
397,Sonoma_crop_1356.tif
398,Sonoma_crop_1357.tif
399,Sonoma_crop_1358.tif
400,Sonoma_crop_1359.tif
401,Sonoma_crop_136.tif
402,Sonoma_crop_1360.tif
403,Sonoma_crop_1361.tif
404,Sonoma_crop_1362.tif
405,Sonoma_crop_1363.tif
406,Sonoma_crop_1364.tif
407,Sonoma_crop_1365.tif
408,Sonoma_crop_1366.tif
409,Sonoma_crop_1367.tif
410,Sonoma_crop_1368.tif
411,Sonoma_crop_1369.tif
412,Sonoma_crop_137.tif
413,Sonoma_crop_1370.tif
414,Sonoma_crop_1371.tif
415,Sonoma_crop_1372.tif
416,Sonoma_crop_1373.tif
417,Sonoma_crop_1374.tif
418,Sonoma_crop_1375.tif
419,Sonoma_crop_1376.tif
420,Sonoma_crop_1377.tif
421,Sonoma_crop_1378.tif
422,Sonoma_crop_1379.tif
423,Sonoma_crop_138.tif
424,Sonoma_crop_1380.tif
425,Sonoma_crop_1381.tif
426,Sonoma_crop_1382.tif
427,Sonoma_crop_1383.tif
428,Sonoma_crop_1384.tif
429,Sonoma_crop_1385.tif
430,Sonoma_crop_1386.tif
431,Sonoma_crop_1387.tif
432,Sonoma_crop_1388.tif
433,Sonoma_crop_1389.tif
434,Sonoma_crop_139.tif
435,Sonoma_crop_1390.tif
436,Sonoma_crop_1391.tif
437,Sonoma_crop_1392.tif
438,Sonoma_crop_1393.tif
439,Sonoma_crop_1394.tif
440,Sonoma_crop_1395.tif
441,Sonoma_crop_1396.tif
442,Sonoma_crop_1397.tif
443,Sonoma_crop_1398.tif
444,Sonoma_crop_1399.tif
445,Sonoma_crop_14.tif
446,Sonoma_crop_140.tif
447,Sonoma_crop_1400.tif
448,Sonoma_crop_1401.tif
449,Sonoma_crop_1402.tif
450,Sonoma_crop_1403.tif
451,Sonoma_crop_1404.tif
452,Sonoma_crop_1405.tif
453,Sonoma_crop_1406.tif
454,Sonoma_crop_1407.tif
455,Sonoma_crop_1408.tif
456,Sonoma_crop_1409.tif
457,Sonoma_crop_141.tif
458,Sonoma_crop_1410.tif
459,Sonoma_crop_1411.tif
460,Sonoma_crop_1412.tif
461,Sonoma_crop_1413.tif
462,Sonoma_crop_1414.tif
463,Sonoma_crop_1415.tif
464,Sonoma_crop_1416.tif
465,Sonoma_crop_1417.tif
466,Sonoma_crop_1418.tif
467,Sonoma_crop_1419.tif
468,Sonoma_crop_142.tif
469,Sonoma_crop_1420.tif
470,Sonoma_crop_1421.tif
471,Sonoma_crop_1422.tif
472,Sonoma_crop_1423.tif
473,Sonoma_crop_1424.tif
474,Sonoma_crop_1425.tif
475,Sonoma_crop_1426.tif
476,Sonoma_crop_1427.tif
477,Sonoma_crop_1428.tif
478,Sonoma_crop_1429.tif
479,Sonoma_crop_143.tif
480,Sonoma_crop_1430.tif
481,Sonoma_crop_1431.tif
482,Sonoma_crop_1432.tif
483,Sonoma_crop_1433.tif
484,Sonoma_crop_1434.tif
485,Sonoma_crop_1435.tif
486,Sonoma_crop_1436.tif
487,Sonoma_crop_1437.tif
488,Sonoma_crop_1438.tif
489,Sonoma_crop_1439.tif
490,Sonoma_crop_144.tif
491,Sonoma_crop_1440.tif
492,Sonoma_crop_1441.tif
493,Sonoma_crop_1442.tif
494,Sonoma_crop_1443.tif
495,Sonoma_crop_1444.tif
496,Sonoma_crop_1445.tif
497,Sonoma_crop_1446.tif
498,Sonoma_crop_1447.tif
499,Sonoma_crop_1448.tif
500,Sonoma_crop_1449.tif
501,Sonoma_crop_145.tif
502,Sonoma_crop_1450.tif
503,Sonoma_crop_1451.tif
504,Sonoma_crop_1452.tif
505,Sonoma_crop_1453.tif
506,Sonoma_crop_1454.tif
507,Sonoma_crop_1455.tif
508,Sonoma_crop_1456.tif
509,Sonoma_crop_1457.tif
510,Sonoma_crop_1458.tif
511,Sonoma_crop_1459.tif
512,Sonoma_crop_146.tif
513,Sonoma_crop_1460.tif
514,Sonoma_crop_1461.tif
515,Sonoma_crop_1462.tif
516,Sonoma_crop_1463.tif
517,Sonoma_crop_1464.tif
518,Sonoma_crop_1465.tif
519,Sonoma_crop_1466.tif
520,Sonoma_crop_1467.tif
521,Sonoma_crop_1468.tif
522,Sonoma_crop_1469.tif
523,Sonoma_crop_147.tif
524,Sonoma_crop_1470.tif
525,Sonoma_crop_1471.tif
526,Sonoma_crop_1472.tif
527,Sonoma_crop_1473.tif
528,Sonoma_crop_1474.tif
529,Sonoma_crop_1475.tif
530,Sonoma_crop_1476.tif
531,Sonoma_crop_1477.tif
532,Sonoma_crop_1478.tif
533,Sonoma_crop_1479.tif
534,Sonoma_crop_148.tif
535,Sonoma_crop_1480.tif
536,Sonoma_crop_1481.tif
537,Sonoma_crop_1482.tif
538,Sonoma_crop_1483.tif
539,Sonoma_crop_1484.tif
540,Sonoma_crop_1485.tif
541,Sonoma_crop_1486.tif
542,Sonoma_crop_1487.tif
543,Sonoma_crop_1488.tif
544,Sonoma_crop_1489.tif
545,Sonoma_crop_149.tif
546,Sonoma_crop_1490.tif
547,Sonoma_crop_1491.tif
548,Sonoma_crop_1492.tif
549,Sonoma_crop_1493.tif
550,Sonoma_crop_1494.tif
551,Sonoma_crop_1495.tif
552,Sonoma_crop_1496.tif
553,Sonoma_crop_1497.tif
554,Sonoma_crop_1498.tif
555,Sonoma_crop_1499.tif
556,Sonoma_crop_15.tif
557,Sonoma_crop_150.tif
558,Sonoma_crop_1500.tif
559,Sonoma_crop_1501.tif
560,Sonoma_crop_1502.tif
561,Sonoma_crop_1503.tif
562,Sonoma_crop_1504.tif
563,Sonoma_crop_1505.tif
564,Sonoma_crop_1506.tif
565,Sonoma_crop_1507.tif
566,Sonoma_crop_1508.tif
567,Sonoma_crop_1509.tif
568,Sonoma_crop_151.tif
569,Sonoma_crop_1510.tif
570,Sonoma_crop_1511.tif
571,Sonoma_crop_1512.tif
572,Sonoma_crop_1513.tif
573,Sonoma_crop_1514.tif
574,Sonoma_crop_1515.tif
575,Sonoma_crop_1516.tif
576,Sonoma_crop_1517.tif
577,Sonoma_crop_1518.tif
578,Sonoma_crop_1519.tif
579,Sonoma_crop_152.tif
580,Sonoma_crop_1520.tif
581,Sonoma_crop_1521.tif
582,Sonoma_crop_1522.tif
583,Sonoma_crop_1523.tif
584,Sonoma_crop_1524.tif
585,Sonoma_crop_1525.tif
586,Sonoma_crop_1526.tif
587,Sonoma_crop_1527.tif
588,Sonoma_crop_1528.tif
589,Sonoma_crop_1529.tif
590,Sonoma_crop_153.tif
591,Sonoma_crop_1530.tif
592,Sonoma_crop_1531.tif
593,Sonoma_crop_1532.tif
594,Sonoma_crop_1533.tif
595,Sonoma_crop_1534.tif
596,Sonoma_crop_1535.tif
597,Sonoma_crop_1536.tif
598,Sonoma_crop_1537.tif
599,Sonoma_crop_1538.tif
600,Sonoma_crop_1539.tif
601,Sonoma_crop_154.tif
602,Sonoma_crop_1540.tif
603,Sonoma_crop_1541.tif
604,Sonoma_crop_1542.tif
605,Sonoma_crop_1543.tif
606,Sonoma_crop_1544.tif
607,Sonoma_crop_1545.tif
608,Sonoma_crop_1546.tif
609,Sonoma_crop_1547.tif
610,Sonoma_crop_1548.tif
611,Sonoma_crop_1549.tif
612,Sonoma_crop_155.tif
613,Sonoma_crop_1550.tif
614,Sonoma_crop_1551.tif
615,Sonoma_crop_1552.tif
616,Sonoma_crop_1553.tif
617,Sonoma_crop_1554.tif
618,Sonoma_crop_1555.tif
619,Sonoma_crop_1556.tif
620,Sonoma_crop_1557.tif
621,Sonoma_crop_1558.tif
622,Sonoma_crop_1559.tif
623,Sonoma_crop_156.tif
624,Sonoma_crop_1560.tif
625,Sonoma_crop_1561.tif
626,Sonoma_crop_1562.tif
627,Sonoma_crop_1563.tif
628,Sonoma_crop_1564.tif
629,Sonoma_crop_1565.tif
630,Sonoma_crop_1566.tif
631,Sonoma_crop_1567.tif
632,Sonoma_crop_1568.tif
633,Sonoma_crop_1569.tif
634,Sonoma_crop_157.tif
635,Sonoma_crop_1570.tif
636,Sonoma_crop_158.tif
637,Sonoma_crop_159.tif
638,Sonoma_crop_16.tif
639,Sonoma_crop_160.tif
640,Sonoma_crop_161.tif
641,Sonoma_crop_162.tif
642,Sonoma_crop_163.tif
643,Sonoma_crop_164.tif
644,Sonoma_crop_165.tif
645,Sonoma_crop_166.tif
646,Sonoma_crop_167.tif
647,Sonoma_crop_168.tif
648,Sonoma_crop_169.tif
649,Sonoma_crop_17.tif
650,Sonoma_crop_170.tif
651,Sonoma_crop_171.tif
652,Sonoma_crop_172.tif
653,Sonoma_crop_173.tif
654,Sonoma_crop_174.tif
655,Sonoma_crop_175.tif
656,Sonoma_crop_176.tif
657,Sonoma_crop_177.tif
658,Sonoma_crop_178.tif
659,Sonoma_crop_179.tif
660,Sonoma_crop_18.tif
661,Sonoma_crop_180.tif
662,Sonoma_crop_181.tif
663,Sonoma_crop_182.tif
664,Sonoma_crop_183.tif
665,Sonoma_crop_184.tif
666,Sonoma_crop_185.tif
667,Sonoma_crop_186.tif
668,Sonoma_crop_187.tif
669,Sonoma_crop_188.tif
670,Sonoma_crop_189.tif
671,Sonoma_crop_19.tif
672,Sonoma_crop_190.tif
673,Sonoma_crop_191.tif
674,Sonoma_crop_192.tif
675,Sonoma_crop_193.tif
676,Sonoma_crop_194.tif
677,Sonoma_crop_195.tif
678,Sonoma_crop_196.tif
679,Sonoma_crop_197.tif
680,Sonoma_crop_198.tif
681,Sonoma_crop_199.tif
682,Sonoma_crop_2.tif
683,Sonoma_crop_20.tif
684,Sonoma_crop_200.tif
685,Sonoma_crop_201.tif
686,Sonoma_crop_202.tif
687,Sonoma_crop_203.tif
688,Sonoma_crop_204.tif
689,Sonoma_crop_205.tif
690,Sonoma_crop_206.tif
691,Sonoma_crop_207.tif
692,Sonoma_crop_208.tif
693,Sonoma_crop_209.tif
694,Sonoma_crop_21.tif
695,Sonoma_crop_210.tif
696,Sonoma_crop_211.tif
697,Sonoma_crop_212.tif
698,Sonoma_crop_213.tif
699,Sonoma_crop_214.tif
700,Sonoma_crop_215.tif
701,Sonoma_crop_216.tif
702,Sonoma_crop_217.tif
703,Sonoma_crop_218.tif
704,Sonoma_crop_219.tif
705,Sonoma_crop_22.tif
706,Sonoma_crop_220.tif
707,Sonoma_crop_221.tif
708,Sonoma_crop_222.tif
709,Sonoma_crop_223.tif
710,Sonoma_crop_224.tif
711,Sonoma_crop_225.tif
712,Sonoma_crop_226.tif
713,Sonoma_crop_227.tif
714,Sonoma_crop_228.tif
715,Sonoma_crop_229.tif
716,Sonoma_crop_23.tif
717,Sonoma_crop_230.tif
718,Sonoma_crop_231.tif
719,Sonoma_crop_232.tif
720,Sonoma_crop_233.tif
721,Sonoma_crop_234.tif
722,Sonoma_crop_235.tif
723,Sonoma_crop_236.tif
724,Sonoma_crop_237.tif
725,Sonoma_crop_238.tif
726,Sonoma_crop_239.tif
727,Sonoma_crop_24.tif
728,Sonoma_crop_240.tif
729,Sonoma_crop_241.tif
730,Sonoma_crop_242.tif
731,Sonoma_crop_243.tif
732,Sonoma_crop_244.tif
733,Sonoma_crop_245.tif
734,Sonoma_crop_246.tif
735,Sonoma_crop_247.tif
736,Sonoma_crop_248.tif
737,Sonoma_crop_249.tif
738,Sonoma_crop_25.tif
739,Sonoma_crop_250.tif
740,Sonoma_crop_251.tif
741,Sonoma_crop_252.tif
742,Sonoma_crop_253.tif
743,Sonoma_crop_254.tif
744,Sonoma_crop_255.tif
745,Sonoma_crop_256.tif
746,Sonoma_crop_257.tif
747,Sonoma_crop_258.tif
748,Sonoma_crop_259.tif
749,Sonoma_crop_26.tif
750,Sonoma_crop_260.tif
751,Sonoma_crop_261.tif
752,Sonoma_crop_262.tif
753,Sonoma_crop_263.tif
754,Sonoma_crop_264.tif
755,Sonoma_crop_265.tif
756,Sonoma_crop_266.tif
757,Sonoma_crop_267.tif
758,Sonoma_crop_268.tif
759,Sonoma_crop_269.tif
760,Sonoma_crop_27.tif
761,Sonoma_crop_270.tif
762,Sonoma_crop_271.tif
763,Sonoma_crop_272.tif
764,Sonoma_crop_273.tif
765,Sonoma_crop_274.tif
766,Sonoma_crop_275.tif
767,Sonoma_crop_276.tif
768,Sonoma_crop_277.tif
769,Sonoma_crop_278.tif
770,Sonoma_crop_279.tif
771,Sonoma_crop_28.tif
772,Sonoma_crop_280.tif
773,Sonoma_crop_281.tif
774,Sonoma_crop_282.tif
775,Sonoma_crop_283.tif
776,Sonoma_crop_284.tif
777,Sonoma_crop_285.tif
778,Sonoma_crop_286.tif
779,Sonoma_crop_287.tif
780,Sonoma_crop_288.tif
781,Sonoma_crop_289.tif
782,Sonoma_crop_29.tif
783,Sonoma_crop_290.tif
784,Sonoma_crop_291.tif
785,Sonoma_crop_292.tif
786,Sonoma_crop_293.tif
787,Sonoma_crop_294.tif
788,Sonoma_crop_295.tif
789,Sonoma_crop_296.tif
790,Sonoma_crop_297.tif
791,Sonoma_crop_298.tif
792,Sonoma_crop_299.tif
793,Sonoma_crop_3.tif
794,Sonoma_crop_30.tif
795,Sonoma_crop_300.tif
796,Sonoma_crop_301.tif
797,Sonoma_crop_302.tif
798,Sonoma_crop_303.tif
799,Sonoma_crop_304.tif
800,Sonoma_crop_305.tif
801,Sonoma_crop_306.tif
802,Sonoma_crop_307.tif
803,Sonoma_crop_308.tif
804,Sonoma_crop_309.tif
805,Sonoma_crop_31.tif
806,Sonoma_crop_310.tif
807,Sonoma_crop_311.tif
808,Sonoma_crop_312.tif
809,Sonoma_crop_313.tif
810,Sonoma_crop_314.tif
811,Sonoma_crop_315.tif
812,Sonoma_crop_316.tif
813,Sonoma_crop_317.tif
814,Sonoma_crop_318.tif
815,Sonoma_crop_319.tif
816,Sonoma_crop_32.tif
817,Sonoma_crop_320.tif
818,Sonoma_crop_321.tif
819,Sonoma_crop_322.tif
820,Sonoma_crop_323.tif
821,Sonoma_crop_324.tif
822,Sonoma_crop_325.tif
823,Sonoma_crop_326.tif
824,Sonoma_crop_327.tif
825,Sonoma_crop_328.tif
826,Sonoma_crop_329.tif
827,Sonoma_crop_33.tif
828,Sonoma_crop_330.tif
829,Sonoma_crop_331.tif
830,Sonoma_crop_332.tif
831,Sonoma_crop_333.tif
832,Sonoma_crop_334.tif
833,Sonoma_crop_335.tif
834,Sonoma_crop_336.tif
835,Sonoma_crop_337.tif
836,Sonoma_crop_338.tif
837,Sonoma_crop_339.tif
838,Sonoma_crop_34.tif
839,Sonoma_crop_340.tif
840,Sonoma_crop_341.tif
841,Sonoma_crop_342.tif
842,Sonoma_crop_343.tif
843,Sonoma_crop_344.tif
844,Sonoma_crop_345.tif
845,Sonoma_crop_346.tif
846,Sonoma_crop_347.tif
847,Sonoma_crop_348.tif
848,Sonoma_crop_349.tif
849,Sonoma_crop_35.tif
850,Sonoma_crop_350.tif
851,Sonoma_crop_351.tif
852,Sonoma_crop_352.tif
853,Sonoma_crop_353.tif
854,Sonoma_crop_354.tif
855,Sonoma_crop_355.tif
856,Sonoma_crop_356.tif
857,Sonoma_crop_357.tif
858,Sonoma_crop_358.tif
859,Sonoma_crop_359.tif
860,Sonoma_crop_36.tif
861,Sonoma_crop_360.tif
862,Sonoma_crop_361.tif
863,Sonoma_crop_362.tif
864,Sonoma_crop_363.tif
865,Sonoma_crop_364.tif
866,Sonoma_crop_365.tif
867,Sonoma_crop_366.tif
868,Sonoma_crop_367.tif
869,Sonoma_crop_368.tif
870,Sonoma_crop_369.tif
871,Sonoma_crop_37.tif
872,Sonoma_crop_370.tif
873,Sonoma_crop_371.tif
874,Sonoma_crop_372.tif
875,Sonoma_crop_373.tif
876,Sonoma_crop_374.tif
877,Sonoma_crop_375.tif
878,Sonoma_crop_376.tif
879,Sonoma_crop_377.tif
880,Sonoma_crop_378.tif
881,Sonoma_crop_379.tif
882,Sonoma_crop_38.tif
883,Sonoma_crop_380.tif
884,Sonoma_crop_381.tif
885,Sonoma_crop_382.tif
886,Sonoma_crop_383.tif
887,Sonoma_crop_384.tif
888,Sonoma_crop_385.tif
889,Sonoma_crop_386.tif
890,Sonoma_crop_387.tif
891,Sonoma_crop_388.tif
892,Sonoma_crop_389.tif
893,Sonoma_crop_39.tif
894,Sonoma_crop_390.tif
895,Sonoma_crop_391.tif
896,Sonoma_crop_392.tif
897,Sonoma_crop_393.tif
898,Sonoma_crop_394.tif
899,Sonoma_crop_395.tif
900,Sonoma_crop_396.tif
901,Sonoma_crop_397.tif
902,Sonoma_crop_398.tif
903,Sonoma_crop_399.tif
904,Sonoma_crop_4.tif
905,Sonoma_crop_40.tif
906,Sonoma_crop_400.tif
907,Sonoma_crop_401.tif
908,Sonoma_crop_402.tif
909,Sonoma_crop_403.tif
910,Sonoma_crop_404.tif
911,Sonoma_crop_405.tif
912,Sonoma_crop_406.tif
913,Sonoma_crop_407.tif
914,Sonoma_crop_408.tif
915,Sonoma_crop_409.tif
916,Sonoma_crop_41.tif
917,Sonoma_crop_410.tif
918,Sonoma_crop_411.tif
919,Sonoma_crop_412.tif
920,Sonoma_crop_413.tif
921,Sonoma_crop_414.tif
922,Sonoma_crop_415.tif
923,Sonoma_crop_416.tif
924,Sonoma_crop_417.tif
925,Sonoma_crop_418.tif
926,Sonoma_crop_419.tif
927,Sonoma_crop_42.tif
928,Sonoma_crop_420.tif
929,Sonoma_crop_421.tif
930,Sonoma_crop_422.tif
931,Sonoma_crop_423.tif
932,Sonoma_crop_424.tif
933,Sonoma_crop_425.tif
934,Sonoma_crop_426.tif
935,Sonoma_crop_427.tif
936,Sonoma_crop_428.tif
937,Sonoma_crop_429.tif
938,Sonoma_crop_43.tif
939,Sonoma_crop_430.tif
940,Sonoma_crop_431.tif
941,Sonoma_crop_432.tif
942,Sonoma_crop_433.tif
943,Sonoma_crop_434.tif
944,Sonoma_crop_435.tif
945,Sonoma_crop_436.tif
946,Sonoma_crop_437.tif
947,Sonoma_crop_438.tif
948,Sonoma_crop_439.tif
949,Sonoma_crop_44.tif
950,Sonoma_crop_440.tif
951,Sonoma_crop_441.tif
952,Sonoma_crop_442.tif
953,Sonoma_crop_443.tif
954,Sonoma_crop_444.tif
955,Sonoma_crop_445.tif
956,Sonoma_crop_446.tif
957,Sonoma_crop_447.tif
958,Sonoma_crop_448.tif
959,Sonoma_crop_449.tif
960,Sonoma_crop_45.tif
961,Sonoma_crop_450.tif
962,Sonoma_crop_451.tif
963,Sonoma_crop_452.tif
964,Sonoma_crop_453.tif
965,Sonoma_crop_454.tif
966,Sonoma_crop_455.tif
967,Sonoma_crop_456.tif
968,Sonoma_crop_457.tif
969,Sonoma_crop_458.tif
970,Sonoma_crop_459.tif
971,Sonoma_crop_46.tif
972,Sonoma_crop_460.tif
973,Sonoma_crop_461.tif
974,Sonoma_crop_462.tif
975,Sonoma_crop_463.tif
976,Sonoma_crop_464.tif
977,Sonoma_crop_465.tif
978,Sonoma_crop_466.tif
979,Sonoma_crop_467.tif
980,Sonoma_crop_468.tif
981,Sonoma_crop_469.tif
982,Sonoma_crop_47.tif
983,Sonoma_crop_470.tif
984,Sonoma_crop_471.tif
985,Sonoma_crop_472.tif
986,Sonoma_crop_473.tif
987,Sonoma_crop_474.tif
988,Sonoma_crop_475.tif
989,Sonoma_crop_476.tif
990,Sonoma_crop_477.tif
991,Sonoma_crop_478.tif
992,Sonoma_crop_479.tif
993,Sonoma_crop_48.tif
994,Sonoma_crop_480.tif
995,Sonoma_crop_481.tif
996,Sonoma_crop_482.tif
997,Sonoma_crop_483.tif
998,Sonoma_crop_484.tif
999,Sonoma_crop_485.tif
1000,Sonoma_crop_486.tif
1001,Sonoma_crop_487.tif
1002,Sonoma_crop_488.tif
1003,Sonoma_crop_489.tif
1004,Sonoma_crop_49.tif
1005,Sonoma_crop_490.tif
1006,Sonoma_crop_491.tif
1007,Sonoma_crop_492.tif
1008,Sonoma_crop_493.tif
1009,Sonoma_crop_494.tif
1010,Sonoma_crop_495.tif
1011,Sonoma_crop_496.tif
1012,Sonoma_crop_497.tif
1013,Sonoma_crop_498.tif
1014,Sonoma_crop_499.tif
1015,Sonoma_crop_5.tif
1016,Sonoma_crop_50.tif
1017,Sonoma_crop_500.tif
1018,Sonoma_crop_501.tif
1019,Sonoma_crop_502.tif
1020,Sonoma_crop_503.tif
1021,Sonoma_crop_504.tif
1022,Sonoma_crop_505.tif
1023,Sonoma_crop_506.tif
1024,Sonoma_crop_507.tif
1025,Sonoma_crop_508.tif
1026,Sonoma_crop_509.tif
1027,Sonoma_crop_51.tif
1028,Sonoma_crop_510.tif
1029,Sonoma_crop_511.tif
1030,Sonoma_crop_512.tif
1031,Sonoma_crop_513.tif
1032,Sonoma_crop_514.tif
1033,Sonoma_crop_515.tif
1034,Sonoma_crop_516.tif
1035,Sonoma_crop_517.tif
1036,Sonoma_crop_518.tif
1037,Sonoma_crop_519.tif
1038,Sonoma_crop_52.tif
1039,Sonoma_crop_520.tif
1040,Sonoma_crop_521.tif
1041,Sonoma_crop_522.tif
1042,Sonoma_crop_523.tif
1043,Sonoma_crop_524.tif
1044,Sonoma_crop_525.tif
1045,Sonoma_crop_526.tif
1046,Sonoma_crop_527.tif
1047,Sonoma_crop_528.tif
1048,Sonoma_crop_529.tif
1049,Sonoma_crop_53.tif
1050,Sonoma_crop_530.tif
1051,Sonoma_crop_531.tif
1052,Sonoma_crop_532.tif
1053,Sonoma_crop_533.tif
1054,Sonoma_crop_534.tif
1055,Sonoma_crop_535.tif
1056,Sonoma_crop_536.tif
1057,Sonoma_crop_537.tif
1058,Sonoma_crop_538.tif
1059,Sonoma_crop_539.tif
1060,Sonoma_crop_54.tif
1061,Sonoma_crop_540.tif
1062,Sonoma_crop_541.tif
1063,Sonoma_crop_542.tif
1064,Sonoma_crop_543.tif
1065,Sonoma_crop_544.tif
1066,Sonoma_crop_545.tif
1067,Sonoma_crop_546.tif
1068,Sonoma_crop_547.tif
1069,Sonoma_crop_548.tif
1070,Sonoma_crop_549.tif
1071,Sonoma_crop_55.tif
1072,Sonoma_crop_550.tif
1073,Sonoma_crop_551.tif
1074,Sonoma_crop_552.tif
1075,Sonoma_crop_553.tif
1076,Sonoma_crop_554.tif
1077,Sonoma_crop_555.tif
1078,Sonoma_crop_556.tif
1079,Sonoma_crop_557.tif
1080,Sonoma_crop_558.tif
1081,Sonoma_crop_559.tif
1082,Sonoma_crop_56.tif
1083,Sonoma_crop_560.tif
1084,Sonoma_crop_561.tif
1085,Sonoma_crop_562.tif
1086,Sonoma_crop_563.tif
1087,Sonoma_crop_564.tif
1088,Sonoma_crop_565.tif
1089,Sonoma_crop_566.tif
1090,Sonoma_crop_567.tif
1091,Sonoma_crop_568.tif
1092,Sonoma_crop_569.tif
1093,Sonoma_crop_57.tif
1094,Sonoma_crop_570.tif
1095,Sonoma_crop_571.tif
1096,Sonoma_crop_572.tif
1097,Sonoma_crop_573.tif
1098,Sonoma_crop_574.tif
1099,Sonoma_crop_575.tif
1100,Sonoma_crop_576.tif
1101,Sonoma_crop_577.tif
1102,Sonoma_crop_578.tif
1103,Sonoma_crop_579.tif
1104,Sonoma_crop_58.tif
1105,Sonoma_crop_580.tif
1106,Sonoma_crop_581.tif
1107,Sonoma_crop_582.tif
1108,Sonoma_crop_583.tif
1109,Sonoma_crop_584.tif
1110,Sonoma_crop_585.tif
1111,Sonoma_crop_586.tif
1112,Sonoma_crop_587.tif
1113,Sonoma_crop_588.tif
1114,Sonoma_crop_589.tif
1115,Sonoma_crop_59.tif
1116,Sonoma_crop_590.tif
1117,Sonoma_crop_591.tif
1118,Sonoma_crop_592.tif
1119,Sonoma_crop_593.tif
1120,Sonoma_crop_594.tif
1121,Sonoma_crop_595.tif
1122,Sonoma_crop_596.tif
1123,Sonoma_crop_597.tif
1124,Sonoma_crop_598.tif
1125,Sonoma_crop_599.tif
1126,Sonoma_crop_6.tif
1127,Sonoma_crop_60.tif
1128,Sonoma_crop_600.tif
1129,Sonoma_crop_601.tif
1130,Sonoma_crop_602.tif
1131,Sonoma_crop_603.tif
1132,Sonoma_crop_604.tif
1133,Sonoma_crop_605.tif
1134,Sonoma_crop_606.tif
1135,Sonoma_crop_607.tif
1136,Sonoma_crop_608.tif
1137,Sonoma_crop_609.tif
1138,Sonoma_crop_61.tif
1139,Sonoma_crop_610.tif
1140,Sonoma_crop_611.tif
1141,Sonoma_crop_612.tif
1142,Sonoma_crop_613.tif
1143,Sonoma_crop_614.tif
1144,Sonoma_crop_615.tif
1145,Sonoma_crop_616.tif
1146,Sonoma_crop_617.tif
1147,Sonoma_crop_618.tif
1148,Sonoma_crop_619.tif
1149,Sonoma_crop_62.tif
1150,Sonoma_crop_620.tif
1151,Sonoma_crop_621.tif
1152,Sonoma_crop_622.tif
1153,Sonoma_crop_623.tif
1154,Sonoma_crop_624.tif
1155,Sonoma_crop_625.tif
1156,Sonoma_crop_626.tif
1157,Sonoma_crop_627.tif
1158,Sonoma_crop_628.tif
1159,Sonoma_crop_629.tif
1160,Sonoma_crop_63.tif
1161,Sonoma_crop_630.tif
1162,Sonoma_crop_631.tif
1163,Sonoma_crop_632.tif
1164,Sonoma_crop_633.tif
1165,Sonoma_crop_634.tif
1166,Sonoma_crop_635.tif
1167,Sonoma_crop_636.tif
1168,Sonoma_crop_637.tif
1169,Sonoma_crop_638.tif
1170,Sonoma_crop_639.tif
1171,Sonoma_crop_64.tif
1172,Sonoma_crop_640.tif
1173,Sonoma_crop_641.tif
1174,Sonoma_crop_642.tif
1175,Sonoma_crop_643.tif
1176,Sonoma_crop_644.tif
1177,Sonoma_crop_645.tif
1178,Sonoma_crop_646.tif
1179,Sonoma_crop_647.tif
1180,Sonoma_crop_648.tif
1181,Sonoma_crop_649.tif
1182,Sonoma_crop_65.tif
1183,Sonoma_crop_650.tif
1184,Sonoma_crop_651.tif
1185,Sonoma_crop_652.tif
1186,Sonoma_crop_653.tif
1187,Sonoma_crop_654.tif
1188,Sonoma_crop_655.tif
1189,Sonoma_crop_656.tif
1190,Sonoma_crop_657.tif
1191,Sonoma_crop_658.tif
1192,Sonoma_crop_659.tif
1193,Sonoma_crop_66.tif
1194,Sonoma_crop_660.tif
1195,Sonoma_crop_661.tif
1196,Sonoma_crop_662.tif
1197,Sonoma_crop_663.tif
1198,Sonoma_crop_664.tif
1199,Sonoma_crop_665.tif
1200,Sonoma_crop_666.tif
1201,Sonoma_crop_667.tif
1202,Sonoma_crop_668.tif
1203,Sonoma_crop_669.tif
1204,Sonoma_crop_67.tif
1205,Sonoma_crop_670.tif
1206,Sonoma_crop_671.tif
1207,Sonoma_crop_672.tif
1208,Sonoma_crop_673.tif
1209,Sonoma_crop_674.tif
1210,Sonoma_crop_675.tif
1211,Sonoma_crop_676.tif
1212,Sonoma_crop_677.tif
1213,Sonoma_crop_678.tif
1214,Sonoma_crop_679.tif
1215,Sonoma_crop_68.tif
1216,Sonoma_crop_680.tif
1217,Sonoma_crop_681.tif
1218,Sonoma_crop_682.tif
1219,Sonoma_crop_683.tif
1220,Sonoma_crop_684.tif
1221,Sonoma_crop_685.tif
1222,Sonoma_crop_686.tif
1223,Sonoma_crop_687.tif
1224,Sonoma_crop_688.tif
1225,Sonoma_crop_689.tif
1226,Sonoma_crop_69.tif
1227,Sonoma_crop_690.tif
1228,Sonoma_crop_691.tif
1229,Sonoma_crop_692.tif
1230,Sonoma_crop_693.tif
1231,Sonoma_crop_694.tif
1232,Sonoma_crop_695.tif
1233,Sonoma_crop_696.tif
1234,Sonoma_crop_697.tif
1235,Sonoma_crop_698.tif
1236,Sonoma_crop_699.tif
1237,Sonoma_crop_7.tif
1238,Sonoma_crop_70.tif
1239,Sonoma_crop_700.tif
1240,Sonoma_crop_701.tif
1241,Sonoma_crop_702.tif
1242,Sonoma_crop_703.tif
1243,Sonoma_crop_704.tif
1244,Sonoma_crop_705.tif
1245,Sonoma_crop_706.tif
1246,Sonoma_crop_707.tif
1247,Sonoma_crop_708.tif
1248,Sonoma_crop_709.tif
1249,Sonoma_crop_71.tif
1250,Sonoma_crop_710.tif
1251,Sonoma_crop_711.tif
1252,Sonoma_crop_712.tif
1253,Sonoma_crop_713.tif
1254,Sonoma_crop_714.tif
1255,Sonoma_crop_715.tif
1256,Sonoma_crop_716.tif
1257,Sonoma_crop_717.tif
1258,Sonoma_crop_718.tif
1259,Sonoma_crop_719.tif
1260,Sonoma_crop_72.tif
1261,Sonoma_crop_720.tif
1262,Sonoma_crop_721.tif
1263,Sonoma_crop_722.tif
1264,Sonoma_crop_723.tif
1265,Sonoma_crop_724.tif
1266,Sonoma_crop_725.tif
1267,Sonoma_crop_726.tif
1268,Sonoma_crop_727.tif
1269,Sonoma_crop_728.tif
1270,Sonoma_crop_729.tif
1271,Sonoma_crop_73.tif
1272,Sonoma_crop_730.tif
1273,Sonoma_crop_731.tif
1274,Sonoma_crop_732.tif
1275,Sonoma_crop_733.tif
1276,Sonoma_crop_734.tif
1277,Sonoma_crop_735.tif
1278,Sonoma_crop_736.tif
1279,Sonoma_crop_737.tif
1280,Sonoma_crop_738.tif
1281,Sonoma_crop_739.tif
1282,Sonoma_crop_74.tif
1283,Sonoma_crop_740.tif
1284,Sonoma_crop_741.tif
1285,Sonoma_crop_742.tif
1286,Sonoma_crop_743.tif
1287,Sonoma_crop_744.tif
1288,Sonoma_crop_745.tif
1289,Sonoma_crop_746.tif
1290,Sonoma_crop_747.tif
1291,Sonoma_crop_748.tif
1292,Sonoma_crop_749.tif
1293,Sonoma_crop_75.tif
1294,Sonoma_crop_750.tif
1295,Sonoma_crop_751.tif
1296,Sonoma_crop_752.tif
1297,Sonoma_crop_753.tif
1298,Sonoma_crop_754.tif
1299,Sonoma_crop_755.tif
1300,Sonoma_crop_756.tif
1301,Sonoma_crop_757.tif
1302,Sonoma_crop_758.tif
1303,Sonoma_crop_759.tif
1304,Sonoma_crop_76.tif
1305,Sonoma_crop_760.tif
1306,Sonoma_crop_761.tif
1307,Sonoma_crop_762.tif
1308,Sonoma_crop_763.tif
1309,Sonoma_crop_764.tif
1310,Sonoma_crop_765.tif
1311,Sonoma_crop_766.tif
1312,Sonoma_crop_767.tif
1313,Sonoma_crop_768.tif
1314,Sonoma_crop_769.tif
1315,Sonoma_crop_77.tif
1316,Sonoma_crop_770.tif
1317,Sonoma_crop_771.tif
1318,Sonoma_crop_772.tif
1319,Sonoma_crop_773.tif
1320,Sonoma_crop_774.tif
1321,Sonoma_crop_775.tif
1322,Sonoma_crop_776.tif
1323,Sonoma_crop_777.tif
1324,Sonoma_crop_778.tif
1325,Sonoma_crop_779.tif
1326,Sonoma_crop_78.tif
1327,Sonoma_crop_780.tif
1328,Sonoma_crop_781.tif
1329,Sonoma_crop_782.tif
1330,Sonoma_crop_783.tif
1331,Sonoma_crop_784.tif
1332,Sonoma_crop_785.tif
1333,Sonoma_crop_786.tif
1334,Sonoma_crop_787.tif
1335,Sonoma_crop_788.tif
1336,Sonoma_crop_789.tif
1337,Sonoma_crop_79.tif
1338,Sonoma_crop_790.tif
1339,Sonoma_crop_791.tif
1340,Sonoma_crop_792.tif
1341,Sonoma_crop_793.tif
1342,Sonoma_crop_794.tif
1343,Sonoma_crop_795.tif
1344,Sonoma_crop_796.tif
1345,Sonoma_crop_797.tif
1346,Sonoma_crop_798.tif
1347,Sonoma_crop_799.tif
1348,Sonoma_crop_8.tif
1349,Sonoma_crop_80.tif
1350,Sonoma_crop_800.tif
1351,Sonoma_crop_801.tif
1352,Sonoma_crop_802.tif
1353,Sonoma_crop_803.tif
1354,Sonoma_crop_804.tif
1355,Sonoma_crop_805.tif
1356,Sonoma_crop_806.tif
1357,Sonoma_crop_807.tif
1358,Sonoma_crop_808.tif
1359,Sonoma_crop_809.tif
1360,Sonoma_crop_81.tif
1361,Sonoma_crop_810.tif
1362,Sonoma_crop_811.tif
1363,Sonoma_crop_812.tif
1364,Sonoma_crop_813.tif
1365,Sonoma_crop_814.tif
1366,Sonoma_crop_815.tif
1367,Sonoma_crop_816.tif
1368,Sonoma_crop_817.tif
1369,Sonoma_crop_818.tif
1370,Sonoma_crop_819.tif
1371,Sonoma_crop_82.tif
1372,Sonoma_crop_820.tif
1373,Sonoma_crop_821.tif
1374,Sonoma_crop_822.tif
1375,Sonoma_crop_823.tif
1376,Sonoma_crop_824.tif
1377,Sonoma_crop_825.tif
1378,Sonoma_crop_826.tif
1379,Sonoma_crop_827.tif
1380,Sonoma_crop_828.tif
1381,Sonoma_crop_829.tif
1382,Sonoma_crop_83.tif
1383,Sonoma_crop_830.tif
1384,Sonoma_crop_831.tif
1385,Sonoma_crop_832.tif
1386,Sonoma_crop_833.tif
1387,Sonoma_crop_834.tif
1388,Sonoma_crop_835.tif
1389,Sonoma_crop_836.tif
1390,Sonoma_crop_837.tif
1391,Sonoma_crop_838.tif
1392,Sonoma_crop_839.tif
1393,Sonoma_crop_84.tif
1394,Sonoma_crop_840.tif
1395,Sonoma_crop_841.tif
1396,Sonoma_crop_842.tif
1397,Sonoma_crop_843.tif
1398,Sonoma_crop_844.tif
1399,Sonoma_crop_845.tif
1400,Sonoma_crop_846.tif
1401,Sonoma_crop_847.tif
1402,Sonoma_crop_848.tif
1403,Sonoma_crop_849.tif
1404,Sonoma_crop_85.tif
1405,Sonoma_crop_850.tif
1406,Sonoma_crop_851.tif
1407,Sonoma_crop_852.tif
1408,Sonoma_crop_853.tif
1409,Sonoma_crop_854.tif
1410,Sonoma_crop_855.tif
1411,Sonoma_crop_856.tif
1412,Sonoma_crop_857.tif
1413,Sonoma_crop_858.tif
1414,Sonoma_crop_859.tif
1415,Sonoma_crop_86.tif
1416,Sonoma_crop_860.tif
1417,Sonoma_crop_861.tif
1418,Sonoma_crop_862.tif
1419,Sonoma_crop_863.tif
1420,Sonoma_crop_864.tif
1421,Sonoma_crop_865.tif
1422,Sonoma_crop_866.tif
1423,Sonoma_crop_867.tif
1424,Sonoma_crop_868.tif
1425,Sonoma_crop_869.tif
1426,Sonoma_crop_87.tif
1427,Sonoma_crop_870.tif
1428,Sonoma_crop_871.tif
1429,Sonoma_crop_872.tif
1430,Sonoma_crop_873.tif
1431,Sonoma_crop_874.tif
1432,Sonoma_crop_875.tif
1433,Sonoma_crop_876.tif
1434,Sonoma_crop_877.tif
1435,Sonoma_crop_878.tif
1436,Sonoma_crop_879.tif
1437,Sonoma_crop_88.tif
1438,Sonoma_crop_880.tif
1439,Sonoma_crop_881.tif
1440,Sonoma_crop_882.tif
1441,Sonoma_crop_883.tif
1442,Sonoma_crop_884.tif
1443,Sonoma_crop_885.tif
1444,Sonoma_crop_886.tif
1445,Sonoma_crop_887.tif
1446,Sonoma_crop_888.tif
1447,Sonoma_crop_889.tif
1448,Sonoma_crop_89.tif
1449,Sonoma_crop_890.tif
1450,Sonoma_crop_891.tif
1451,Sonoma_crop_892.tif
1452,Sonoma_crop_893.tif
1453,Sonoma_crop_894.tif
1454,Sonoma_crop_895.tif
1455,Sonoma_crop_896.tif
1456,Sonoma_crop_897.tif
1457,Sonoma_crop_898.tif
1458,Sonoma_crop_899.tif
1459,Sonoma_crop_9.tif
1460,Sonoma_crop_90.tif
1461,Sonoma_crop_900.tif
1462,Sonoma_crop_901.tif
1463,Sonoma_crop_902.tif
1464,Sonoma_crop_903.tif
1465,Sonoma_crop_904.tif
1466,Sonoma_crop_905.tif
1467,Sonoma_crop_906.tif
1468,Sonoma_crop_907.tif
1469,Sonoma_crop_908.tif
1470,Sonoma_crop_909.tif
1471,Sonoma_crop_91.tif
1472,Sonoma_crop_910.tif
1473,Sonoma_crop_911.tif
1474,Sonoma_crop_912.tif
1475,Sonoma_crop_913.tif
1476,Sonoma_crop_914.tif
1477,Sonoma_crop_915.tif
1478,Sonoma_crop_916.tif
1479,Sonoma_crop_917.tif
1480,Sonoma_crop_918.tif
1481,Sonoma_crop_919.tif
1482,Sonoma_crop_92.tif
1483,Sonoma_crop_920.tif
1484,Sonoma_crop_921.tif
1485,Sonoma_crop_922.tif
1486,Sonoma_crop_923.tif
1487,Sonoma_crop_924.tif
1488,Sonoma_crop_925.tif
1489,Sonoma_crop_926.tif
1490,Sonoma_crop_927.tif
1491,Sonoma_crop_928.tif
1492,Sonoma_crop_929.tif
1493,Sonoma_crop_93.tif
1494,Sonoma_crop_930.tif
1495,Sonoma_crop_931.tif
1496,Sonoma_crop_932.tif
1497,Sonoma_crop_933.tif
1498,Sonoma_crop_934.tif
1499,Sonoma_crop_935.tif
1500,Sonoma_crop_936.tif
1501,Sonoma_crop_937.tif
1502,Sonoma_crop_938.tif
1503,Sonoma_crop_939.tif
1504,Sonoma_crop_94.tif
1505,Sonoma_crop_940.tif
1506,Sonoma_crop_941.tif
1507,Sonoma_crop_942.tif
1508,Sonoma_crop_943.tif
1509,Sonoma_crop_944.tif
1510,Sonoma_crop_945.tif
1511,Sonoma_crop_946.tif
1512,Sonoma_crop_947.tif
1513,Sonoma_crop_948.tif
1514,Sonoma_crop_949.tif
1515,Sonoma_crop_95.tif
1516,Sonoma_crop_950.tif
1517,Sonoma_crop_951.tif
1518,Sonoma_crop_952.tif
1519,Sonoma_crop_953.tif
1520,Sonoma_crop_954.tif
1521,Sonoma_crop_955.tif
1522,Sonoma_crop_956.tif
1523,Sonoma_crop_957.tif
1524,Sonoma_crop_958.tif
1525,Sonoma_crop_959.tif
1526,Sonoma_crop_96.tif
1527,Sonoma_crop_960.tif
1528,Sonoma_crop_961.tif
1529,Sonoma_crop_962.tif
1530,Sonoma_crop_963.tif
1531,Sonoma_crop_964.tif
1532,Sonoma_crop_965.tif
1533,Sonoma_crop_966.tif
1534,Sonoma_crop_967.tif
1535,Sonoma_crop_968.tif
1536,Sonoma_crop_969.tif
1537,Sonoma_crop_97.tif
1538,Sonoma_crop_970.tif
1539,Sonoma_crop_971.tif
1540,Sonoma_crop_972.tif
1541,Sonoma_crop_973.tif
1542,Sonoma_crop_974.tif
1543,Sonoma_crop_975.tif
1544,Sonoma_crop_976.tif
1545,Sonoma_crop_977.tif
1546,Sonoma_crop_978.tif
1547,Sonoma_crop_979.tif
1548,Sonoma_crop_98.tif
1549,Sonoma_crop_980.tif
1550,Sonoma_crop_981.tif
1551,Sonoma_crop_982.tif
1552,Sonoma_crop_983.tif
1553,Sonoma_crop_984.tif
1554,Sonoma_crop_985.tif
1555,Sonoma_crop_986.tif
1556,Sonoma_crop_987.tif
1557,Sonoma_crop_988.tif
1558,Sonoma_crop_989.tif
1559,Sonoma_crop_99.tif
1560,Sonoma_crop_990.tif
1561,Sonoma_crop_991.tif
1562,Sonoma_crop_992.tif
1563,Sonoma_crop_993.tif
1564,Sonoma_crop_994.tif
1565,Sonoma_crop_995.tif
1566,Sonoma_crop_996.tif
1567,Sonoma_crop_997.tif
1568,Sonoma_crop_998.tif
1569,Sonoma_crop_999.tif
